id,label,labeller,dnbr,note
2026-01-22_0711_28.9316_79.6803,,,,
2026-01-16_0724_29.9788_80.1019,,,,
2026-04-26_0810_28.9380_79.9632,,,,
2025-11-10_0818_29.1773_79.0989,,,,
2026-01-25_0755_28.8909_79.4969,,,,
2026-01-03_2032_29.8073_79.6558,,,,
2025-11-15_0824_29.0097_79.2840,,,,
2026-04-19_2106_29.3706_79.4686,,,,
2026-01-14_2025_30.5536_78.2660,,,,
2026-04-26_2035_28.9110_79.7210,,,,
2026-01-18_2051_29.8702_79.0331,,,,
2025-12-23_2037_29.7264_79.7253,,,,
2025-12-25_0735_29.7535_79.6798,,,,
2025-12-30_2006_29.4997_79.5609,,,,
2026-04-02_1945_29.3177_79.9878,,,,
2026-04-23_1951_30.2836_78.9099,,,,
2026-04-18_0720_29.6256_79.9426,,,,
2026-01-20_0749_29.9892_79.5951,,,,
2026-04-30_0835_28.8861_79.9603,,,,
2026-04-28_0732_28.9294_79.8840,,,,
2025-12-29_2025_29.8363_79.1541,,,,
2025-11-11_0759_29.8004_77.9364,,,,
2026-01-18_0826_29.6634_79.2811,,,,
2026-04-28_0732_28.9312_79.9980,,,,
2026-04-24_0708_29.1413_78.9665,,,,
2025-11-05_0812_29.0318_79.2124,,,,
2026-05-23_2029_29.9129_78.6736,,,,
2026-04-25_0829_28.9559_79.9982,,,,
2026-05-23_2029_30.6704_78.2724,,,,
2026-04-29_2119_29.9529_79.3471,,,,
2026-01-21_0730_30.5221_79.6464,,,,
2025-11-05_0812_29.3623_79.0498,,,,
2026-04-26_2035_29.9354_78.4650,,,,
2026-05-14_0733_28.9968_79.4998,,,,
2026-05-11_0829_28.9418_79.9859,,,,
2026-01-22_0711_28.9330_79.6812,,,,
2026-04-24_2112_30.3067_78.7041,,,,
2026-01-15_0742_30.0604_78.8045,,,,
2025-11-10_0818_29.2631_78.9845,,,,
2026-05-24_2010_30.0293_78.4151,,,,
2026-01-15_2007_29.3675_79.6526,,,,
2026-05-20_1945_29.7307_79.9805,,,,
2025-12-23_2037_29.9572_80.6566,,,,
2026-04-27_0751_28.9572_79.9782,,,,
2025-12-16_2108_31.0385_77.9893,,,,
2026-05-21_2106_30.4361_78.5644,,,,
2025-12-08_2018_30.1058_78.9453,,,,
2025-12-24_0754_29.7250_79.7147,,,,
2025-11-01_0747_29.7132_77.8347,,,,
2026-05-23_0805_30.1120_78.7864,,,,
2026-05-20_1945_29.6203_80.3251,,,,
2026-01-20_2013_30.6731_78.1504,,,,
2026-05-24_0746_30.0227_79.6512,,,,
2026-04-20_0823_29.2065_79.8196,,,,
2026-04-25_0829_28.9502_79.7869,,,,
2025-12-03_0747_29.8597_77.8396,,,,
2026-05-23_2029_29.6267_80.1434,,,,
2026-05-14_0733_29.1268_79.2100,,,,
2025-11-05_0812_29.2919_78.9631,,,,
2026-01-18_2050_30.7937_78.0519,,,,
2026-01-07_0832_29.9988_80.5799,,,,
2026-01-18_0827_30.7972_78.0545,,,,
2026-05-27_2054_30.1836_79.3890,,,,
2025-12-25_0736_30.6246_78.1826,,,,
2026-05-18_0758_30.3008_77.8084,,,,
2026-05-24_2010_30.1899_79.3596,,,,
2026-05-12_2035_30.2457_79.1812,,,,
2026-04-26_2035_29.7795_79.5131,,,,
2026-04-22_0745_29.6335_79.9656,,,,
2025-11-01_0746_28.8635_79.6871,,,,
2025-12-29_2025_29.8580_79.1242,,,,
2025-11-27_0759_28.8828_79.8398,,,,
2026-04-25_0829_29.9461_79.3253,,,,
2026-05-24_2010_30.1239_78.7907,,,,
2026-04-28_0733_29.2146_79.0923,,,,
2025-11-26_0818_29.8148_78.1102,,,,
2025-11-26_0818_29.8155_78.1115,,,,
2026-01-08_0814_30.7258_78.6348,,,,
2026-04-28_0732_28.9109_79.9274,,,,
2026-05-02_0758_28.9134_79.7963,,,,
