id,window,tier,half,lat,lon,t
2025-12-29_2025_29.8580_79.1242,A,DISPATCH,tune,29.85798,79.12424,2025-12-29 20:25:00+00:00
2025-12-23_2037_29.9572_80.6566,A,DISPATCH,test,29.95723,80.6566,2025-12-23 20:37:00+00:00
2026-01-18_0827_30.7972_78.0545,A,DISPATCH,tune,30.79716,78.05445,2026-01-18 08:27:00+00:00
2026-01-08_0814_30.7258_78.6348,A,DISPATCH,test,30.72575,78.63483,2026-01-08 08:14:00+00:00
2025-12-16_2108_31.0385_77.9893,A,DISPATCH,tune,31.03845,77.98926,2025-12-16 21:08:00+00:00
2025-12-24_0754_29.7250_79.7147,A,DISPATCH,test,29.72501,79.71471,2025-12-24 07:54:00+00:00
2026-01-21_0730_30.5221_79.6464,A,DISPATCH,tune,30.52207,79.64642,2026-01-21 07:30:00+00:00
2025-12-29_2025_29.8363_79.1541,A,DISPATCH,test,29.8363,79.15408,2025-12-29 20:25:00+00:00
2025-12-23_2037_29.7264_79.7253,A,DISPATCH,tune,29.72635,79.7253,2025-12-23 20:37:00+00:00
2026-01-07_0832_29.9988_80.5799,A,DISPATCH,test,29.99875,80.57994,2026-01-07 08:32:00+00:00
2026-01-14_2025_30.5536_78.2660,A,DISPATCH,tune,30.55359,78.26601,2026-01-14 20:25:00+00:00
2026-01-16_0724_29.9788_80.1019,A,DISPATCH,test,29.97878,80.1019,2026-01-16 07:24:00+00:00
2026-01-18_2051_29.8702_79.0331,A,DISPATCH,tune,29.87024,79.03312,2026-01-18 20:51:00+00:00
2025-12-25_0735_29.7535_79.6798,A,VERIFY,tune,29.75353,79.67984,2025-12-25 07:35:00+00:00
2025-12-25_0736_30.6246_78.1826,A,VERIFY,test,30.62458,78.1826,2025-12-25 07:36:00+00:00
2026-01-15_2007_29.3675_79.6526,A,VERIFY,tune,29.36749,79.65255,2026-01-15 20:07:00+00:00
2026-01-18_0826_29.6634_79.2811,A,VERIFY,test,29.66338,79.2811,2026-01-18 08:26:00+00:00
2026-01-22_0711_28.9330_79.6812,A,VERIFY,tune,28.933,79.68117,2026-01-22 07:11:00+00:00
2026-01-22_0711_28.9316_79.6803,A,VERIFY,test,28.93158,79.68026,2026-01-22 07:11:00+00:00
2026-01-18_2050_30.7937_78.0519,A,VERIFY,tune,30.79374,78.05188,2026-01-18 20:50:00+00:00
2026-01-03_2032_29.8073_79.6558,A,VERIFY,test,29.80733,79.6558,2026-01-03 20:32:00+00:00
2026-01-20_0749_29.9892_79.5951,A,VERIFY,tune,29.98919,79.59512,2026-01-20 07:49:00+00:00
2026-01-15_0742_30.0604_78.8045,A,VERIFY,test,30.06041,78.80453,2026-01-15 07:42:00+00:00
2025-12-30_2006_29.4997_79.5609,A,VERIFY,tune,29.49968,79.56091,2025-12-30 20:06:00+00:00
2025-12-08_2018_30.1058_78.9453,A,VERIFY,test,30.10578,78.94528,2025-12-08 20:18:00+00:00
2026-01-20_2013_30.6731_78.1504,A,VERIFY,tune,30.67308,78.15039,2026-01-20 20:13:00+00:00
2025-11-10_0818_29.1773_79.0989,A,LOG,tune,29.17726,79.09892,2025-11-10 08:18:00+00:00
2025-11-11_0759_29.8004_77.9364,A,LOG,test,29.80037,77.9364,2025-11-11 07:59:00+00:00
2025-11-05_0812_29.2919_78.9631,A,LOG,tune,29.29187,78.96313,2025-11-05 08:12:00+00:00
2025-11-15_0824_29.0097_79.2840,A,LOG,test,29.00973,79.284,2025-11-15 08:24:00+00:00
2025-11-26_0818_29.8148_78.1102,A,LOG,tune,29.81475,78.1102,2025-11-26 08:18:00+00:00
2025-11-05_0812_29.0318_79.2124,A,LOG,test,29.03181,79.21236,2025-11-05 08:12:00+00:00
2025-11-27_0759_28.8828_79.8398,A,LOG,tune,28.88278,79.83978,2025-11-27 07:59:00+00:00
2025-12-03_0747_29.8597_77.8396,A,LOG,test,29.85972,77.83963,2025-12-03 07:47:00+00:00
2025-11-05_0812_29.3623_79.0498,A,LOG,tune,29.3623,79.04975,2025-11-05 08:12:00+00:00
2025-11-01_0747_29.7132_77.8347,A,LOG,test,29.71323,77.8347,2025-11-01 07:47:00+00:00
2026-01-25_0755_28.8909_79.4969,A,LOG,tune,28.89094,79.49692,2026-01-25 07:55:00+00:00
2025-11-10_0818_29.2631_78.9845,A,LOG,test,29.26309,78.98448,2025-11-10 08:18:00+00:00
2025-11-01_0746_28.8635_79.6871,A,LOG,tune,28.86352,79.68707,2025-11-01 07:46:00+00:00
2025-11-26_0818_29.8155_78.1115,A,LOG,test,29.81554,78.11147,2025-11-26 08:18:00+00:00
2026-05-24_2010_30.1899_79.3596,B,DISPATCH,tune,30.18995,79.3596,2026-05-24 20:10:00+00:00
2026-05-27_2054_30.1836_79.3890,B,DISPATCH,test,30.18359,79.38897,2026-05-27 20:54:00+00:00
2026-05-18_0758_30.3008_77.8084,B,DISPATCH,tune,30.30083,77.80839,2026-05-18 07:58:00+00:00
2026-05-23_2029_29.6267_80.1434,B,DISPATCH,test,29.62666,80.14344,2026-05-23 20:29:00+00:00
2026-05-23_2029_30.6704_78.2724,B,DISPATCH,tune,30.67041,78.27235,2026-05-23 20:29:00+00:00
2026-05-12_2035_30.2457_79.1812,B,DISPATCH,test,30.24569,79.18118,2026-05-12 20:35:00+00:00
2026-04-26_2035_29.7795_79.5131,B,DISPATCH,tune,29.77949,79.51308,2026-04-26 20:35:00+00:00
2026-04-25_0829_29.9461_79.3253,B,DISPATCH,test,29.94613,79.32529,2026-04-25 08:29:00+00:00
2026-04-02_1945_29.3177_79.9878,B,DISPATCH,tune,29.31769,79.98776,2026-04-02 19:45:00+00:00
2026-04-19_2106_29.3706_79.4686,B,DISPATCH,test,29.37061,79.46859,2026-04-19 21:06:00+00:00
2026-04-29_2119_29.9529_79.3471,B,DISPATCH,tune,29.95291,79.34707,2026-04-29 21:19:00+00:00
2026-04-23_1951_30.2836_78.9099,B,DISPATCH,test,30.28358,78.90987,2026-04-23 19:51:00+00:00
2026-05-23_0805_30.1120_78.7864,B,DISPATCH,tune,30.11198,78.78641,2026-05-23 08:05:00+00:00
2026-04-26_2035_29.9354_78.4650,B,VERIFY,tune,29.93539,78.46503,2026-04-26 20:35:00+00:00
2026-05-24_2010_30.0293_78.4151,B,VERIFY,test,30.02925,78.41513,2026-05-24 20:10:00+00:00
2026-04-24_2112_30.3067_78.7041,B,VERIFY,tune,30.30669,78.70411,2026-04-24 21:12:00+00:00
2026-05-23_2029_29.9129_78.6736,B,VERIFY,test,29.91289,78.67359,2026-05-23 20:29:00+00:00
2026-05-21_2106_30.4361_78.5644,B,VERIFY,tune,30.43611,78.56443,2026-05-21 21:06:00+00:00
2026-05-24_2010_30.1239_78.7907,B,VERIFY,test,30.12394,78.79074,2026-05-24 20:10:00+00:00
2026-04-28_0733_29.2146_79.0923,B,VERIFY,tune,29.21462,79.09233,2026-04-28 07:33:00+00:00
2026-05-24_0746_30.0227_79.6512,B,VERIFY,test,30.02273,79.65124,2026-05-24 07:46:00+00:00
2026-04-18_0720_29.6256_79.9426,B,VERIFY,tune,29.62557,79.94263,2026-04-18 07:20:00+00:00
2026-05-20_1945_29.7307_79.9805,B,VERIFY,test,29.73068,79.98048,2026-05-20 19:45:00+00:00
2026-04-20_0823_29.2065_79.8196,B,VERIFY,tune,29.20652,79.81961,2026-04-20 08:23:00+00:00
2026-04-22_0745_29.6335_79.9656,B,VERIFY,test,29.63346,79.96561,2026-04-22 07:45:00+00:00
2026-05-20_1945_29.6203_80.3251,B,VERIFY,tune,29.62028,80.32515,2026-05-20 19:45:00+00:00
2026-04-28_0732_28.9312_79.9980,B,LOG,tune,28.93125,79.99799,2026-04-28 07:32:00+00:00
2026-05-14_0733_28.9968_79.4998,B,LOG,test,28.99682,79.49984,2026-05-14 07:33:00+00:00
2026-04-24_0708_29.1413_78.9665,B,LOG,tune,29.14132,78.96652,2026-04-24 07:08:00+00:00
2026-04-28_0732_28.9294_79.8840,B,LOG,test,28.92937,79.88398,2026-04-28 07:32:00+00:00
2026-05-11_0829_28.9418_79.9859,B,LOG,tune,28.94181,79.98594,2026-05-11 08:29:00+00:00
2026-05-02_0758_28.9134_79.7963,B,LOG,test,28.91338,79.79629,2026-05-02 07:58:00+00:00
2026-04-28_0732_28.9109_79.9274,B,LOG,tune,28.91094,79.92739,2026-04-28 07:32:00+00:00
2026-05-14_0733_29.1268_79.2100,B,LOG,test,29.12677,79.21004,2026-05-14 07:33:00+00:00
2026-04-30_0835_28.8861_79.9603,B,LOG,tune,28.88614,79.9603,2026-04-30 08:35:00+00:00
2026-04-25_0829_28.9502_79.7869,B,LOG,test,28.95016,79.78693,2026-04-25 08:29:00+00:00
2026-04-26_0810_28.9380_79.9632,B,LOG,tune,28.93803,79.96316,2026-04-26 08:10:00+00:00
2026-04-25_0829_28.9559_79.9982,B,LOG,test,28.95585,79.99825,2026-04-25 08:29:00+00:00
2026-04-26_2035_28.9110_79.7210,B,LOG,tune,28.91102,79.72101,2026-04-26 20:35:00+00:00
2026-04-27_0751_28.9572_79.9782,B,LOG,test,28.9572,79.97818,2026-04-27 07:51:00+00:00
